lesson,lesson_raw,expression,reading,meaning,decision,target_theme,notes
1,1,いいえ,いいえ,no,,,
1,1,こちらは　～さんです。,こちらは　~さんです。,This is Mr./Ms. ~.,,,
1,1,失礼ですが,失礼[しつれい]ですが,"Excuse me, but (used when asking someone for personal information such as their name or address)",,,
1,1,［どうぞ］　よろしく　［お願いします］。,［どうぞ］　よろしく　［お 願[ねが]いします］。,Pleased to meet you. (lit. Please be nice to me. Usually used at the end of a self-introduction.),,,
1,1,～から　来ました。,~から　 来[き]ました。,I`m from ~ (country).,,,
1,1,～さん,~さん,"Mr., Ms. (suffix added to a name for expressing politeness)",,,
1,1,～ちゃん,~ちゃん,(suffix often added to a child:s name instead of ~san),,,
2,2,CD,CD,"CD, compact disc",,,
2,2,あ,あ,Oh! (used when becoming aware of something),,,
2,2,あの　～,あの　~,"that ~, that ~ over there",,,
2,2,あのう。。。,あのう。。。,Er...(used to show hesitation),,,
2,2,あれ,あれ,that (thing over there),,,
2,2,えっ,えっ,Oh? What! (used when hearing something unexpected),,,
2,2,こちらこそ　［どうぞ］　よろしく　［お願いします］,こちらこそ　［どうぞ］　よろしく　［お 願[ねが]いします］,"Pleased to meet you, too. (response to ［どうぞ］　よろしく　［お願いします］）",,,
2,2,この　～,この　~,"this ~, this ~ here",,,
2,2,これ,これ,this (thing here),,,
2,2,これから　お世話に　なります。,これから　お 世話[せわ]に　なります。,Thank you in advance for your kindness.,,,
2,2,そう,そう,so,,,
2,2,そうですか。,そうですか。,I see.,,,
2,2,その　～,その　~,"that ~, that ~ near the listener",,,
2,2,それ,それ,that (thing near the listener),,,
2,2,どうぞ。,どうぞ。,Here you are. (used when offering someone something),,,
2,2,テルビ,テルビ,television,,,
2,2,名称,名称[めいし],business card,,,
2,2,違います。,違[ちが]います。,"No, it isn`t./You are wrong.",,,
2,2,［どうも］　ありがとう　［ございます］。,［どうも］　ありがとう　［ございます］。,Thank you [very much].,,,
3,3,あそこ,あそこ,that place over there,,,
3,3,あちら,あちら,"that way, that place over there (polite equivalent of あそこ）",,,
3,3,いらっしゃいませ。,いらっしゃいませ。,"Welcome./May I help you? (a greeting to a customer or a guest entering a shop, etc.)",,,
3,3,ここ,ここ,"here, this place",,,
3,3,こちら,こちら,"this way, this place (polite equivalent of ここ）",,,
3,3,すみません。,すみません。,Excuse me.,,,
3,3,そこ,そこ,"there, that place near the listener",,,
3,3,どうも。,どうも。,Thanks.,,,
3,3,ーえん,ーえん,- yen,,,
3,3,［～を］ください。,［~を］ください。,"Give me [~], please.",,,
3,3,［～を］みせて　ください。,［~を］みせて　ください。,Please show me [~].,,,
4,4,たいへんですね。,たいへんですね。,That's tough isn't it? (used when expressing sympathy),,,
4,4,ーじ,ーじ,- o`clock,,,
4,4,寝ます,寝[ね]ます,"sleep, go to bed",,,
4,4,（－分）（－ぷん）,（ ー分[ふん]）（ーぷん）,- minute,,,
4,4,～から,〜から,from ~,,,
4,4,～と～,~と~,and (used to connect nouns),,,
4,4,～まで,~まで,"up to ~, until ~",,,
5,5,ついたち　（1日）,ついたち　（ 1 日）,first day of the month,,,
5,5,七日,七[なの]日[か],"seventh, seven days",,,
5,5,三日,三[みっ] 日[か],"third, three days",,,
5,5,九日,九[ここの]日[か],"ninth, nine days",,,
5,5,二十四日,二[に]十[じゅう]四[よっ]日[か],"twenty-fourth, twenty-four days",,,
5,5,二日,二[ふつ]日[か],"The second, two days",,,
5,5,五日,五[いつ]日[か],"fifth, five days",,,
5,5,何年,何[なん] 年[ねん],what year,,,
5,5,何日,何[なん] 日[にち],"which day of the month, how many days",,,
5,5,何月,何[なん] 月[がつ],what month,,,
5,5,八日,八[よう] 日[か],"eigth, eight days",,,
5,5,六日,六[むい]日[か],"six, six days",,,
5,5,十四日,十[じゅう]四[よっ]日[か],"fourteenth, fourteen days",,,
5,5,十日,十[とう]日[か],"tenth, ten days",,,
5,5,四日,四[よっ] 日[か],"fourth, four days",,,
5,5,廿日,廿[はつ] 日[か],"twentieth, twenty days",,,
6,6,いいですね。,いいですね。,That's good.,,,
6,6,ええ,ええ,yes,,,
6,6,じゃ、また［あした］。,じゃ、また［あした］。,See you [tomorrow].,,,
6,6,わかりました。,わかりました。,"I see, I understood.",,,
6,6,メキシコ,メキシコ,Mexico,,,
6,6,何ですか。,何[なん]ですか。,Yes? (lit. What is it?),,,
6,6,見ます,見[み]ます,"To see, look at, watch",,,
6,6,食べます,食[た]べます,To eat,,,
7,7,あげます,あげます,To give,,,
7,7,いただきます,いただきます,Thank you./I accept. (said before starting to eat or drink),,,
7,7,いらっしゃい。,いらっしゃい。,How nice of you to come. (lit. Welcome.),,,
7,7,かけます［電話を～］,かけます［ 電話[でんわ]を~］,make [a phone call],,,
7,7,ごちそうさま［でした］。,ごちそうさま［でした］。,That was delicious. (said after eating or drinking),,,
7,7,どうぞ　お上がり　ください,どうぞ　お 上[あ]がり　ください,Do come in.,,,
7,7,クリスマス,クリスマス,Christmas,,,
7,7,ケータイ （でんわ）,ケータイ（でんわ）,"mobile phone, cell phone",,,
7,7,シャツ,シャツ,shirt,,,
7,7,スパイン,スパイン,Spain,,,
7,7,スプーン,スプーン,spoon,,,
7,7,セロテープ,セロテープ,"Sellotape, Scotch tap, clear adhesive tap",,,
7,7,ナイフ,ナイフ,knife,,,
7,7,パソコン,パソコン,personal computer,,,
7,7,パンチ,パンチ,punch,,,
7,7,フォーク,フォーク,fork,,,
7,7,プレゼント,プレゼント,"present, gift",,,
7,7,ホッチキス,ホッチキス,stapler,,,
7,7,メール,メール,e-mail,,,
7,7,失礼します。,失礼[しつれい]します。,May I? (lit. I commit an incivility.),,,
7,7,［～、］すてきですね。,［~、］すてきですね。,What a nice [~]!,,,
7,7,［～は］いかがですか。,［~は］いかがですか。,Won't you have [~]?/Would you like to have [~]? (used when offering something),,,
8,8,いいえ。,いいえ。,Not at all.,,,
8,8,おげんきですか。,おげんきですか。,How are you?,,,
8,8,そろそろ　失礼します。,そろそろ　 失礼[しつれい]します。,It's time I was going.,,,
8,8,なら　こえん,なら　こえん,Nara Park,,,
8,8,また　いらっしゃって　ください。,また　いらっしゃって　ください。,Please come again.,,,
8,8,もう　～です［ね］。,もう　~です［ね］。,"It's already ~ [,isn't it?]",,,
8,8,シャンハイ　上海,シャンハイ　 上海[しゃんはい],Shanghai,,,
8,8,レストラン,レストラン,restaurant,,,
8,8,大きく［な］,大[おお]きく［な］,"big, large",,,
8,8,富士山,富士山[ふじさん],Mt. Fuji,,,
8,8,暑い、熱い,暑[あつ]い、 熱[あつ]い,hot,,,
8,8,金閣寺,金閣寺[きんかくじ],Kinkakuji Temple (the Golden Pavilion),,,
8,8,静かに［な］,静[しず]かに［な］,quiet,,,
8,8,［〜、］もう　一杯　いかがですか。,［〜、］もう　一杯[いっぱい]　いかがですか。,Won't you have another cup of [~]?,,,
8,8,［いいえ、］けっこうです。,［いいえ、］けっこうです。,"No, thank you.",,,
8,8,～が、～,~が、~,"~, but ~",,,
9,9,〜から,〜から,because ~,,,
9,9,ああ,ああ,oh,,,
9,9,いいですよ。,いいですよ。,Sure./Certainly.,,,
9,9,いっしょに　いかがですか。,いっしょに　いかがですか。,Won't you join me (us)?,,,
9,9,かたかな,かたかな,katakana script,,,
9,9,ざんねんです［が］,ざんねんです［が］,"I'm sorry [,but], unfortunately",,,
9,9,だめですか。,だめですか。,So you can't (come)?,,,
9,9,ひらがな,ひらがな,hiragana script,,,
9,9,また　今度　お願いします。,また　 今度[こんど]　お 願[ねが]いします。,"Please ask me again some other time. (used when refusing an invitation indirectly, considering someone's feelings)",,,
9,9,アルバイト,アルバイト,side job (～を　します：to work part-time),,,
9,9,カラオケ,カラオケ,karaoke,,,
9,9,クラシック,クラシック,classical music,,,
9,9,コンサート,コンサート,concert,,,
9,9,ジャズ,ジャズ,jazz,,,
9,9,スポーツ,スポーツ,sport (～を　します：play sports),,,
9,9,ダンス,ダンス,Dance (～を　します：to dance),,,
9,9,チケット,チケット,ticket,,,
9,9,ローマ字,ローマ字[ろーまじ],the Roman alphabet,,,
9,9,上手です［な］,上手[じょうず]です［な］,good at,,,
9,9,夫／主人,夫[おっと]／ 主人[しゅじん],(my) husband,,,
9,9,妻／家内,妻[つま]／ 家内[かない],(my) wife,,,
9,9,字,字[じ],"letter, character",,,
9,9,早く、速く,早[はや]く、 速[はや]く,"early, quickly, fast",,,
9,9,歌舞伎,歌舞伎[かぶき],Kabuki (traditional Japanese musical drama),,,
9,9,貸して　ください。,貸[か]して　ください。,Please lend (it to me).,,,
10,10,ATM,ATM,"cash machine, ATM (Automatic Teller Machine)",,,
10,10,いちばん　下,いちばん　 下[した],the bottom,,,
10,10,います,います,"to exist, be (referring to animate things)",,,
10,10,とうきょう　デズニーランド,とうきょう　デズニーランド,Tokyo Disneyland,,,
10,10,コンビニ,コンビニ,convenience store,,,
10,10,コーナー,コーナー,"corner, section",,,
10,10,スイッチ,スイッチ,switch,,,
10,10,テーブル,テーブル,table,,,
10,10,ドア,ドア,door,,,
10,10,ナンプラー,ナンプラー,nam pla (fish sauce),,,
10,10,パンダ,パンダ,panda,,,
10,10,ベッド,ベッド,bed,,,
10,10,ポスト,ポスト,"postbox, mailbox",,,
10,10,女の 人,女[おんな]の 人[ひと],woman,,,
10,10,棚,棚[たな],shelf,,,
10,10,犬,犬[いぬ],dog,,,
10,10,猫,猫[ねこ],cat,,,
10,10,男の　人,男[おとこ]の　 人[ひと],man,,,
10,10,［どうも］　すみません。,［どうも］　すみません。,Thank you.,,,
10,10,～や　～［など］,~や　~［など］,"~, ~, and so on",,,
10,10,～屋,~ 屋[や],"~ shop, ~ store",,,
11,11,いい　［お］天気ですね。,いい　［お］ 天気[てんき]ですね。,"Nice weather, isn't it?",,,
11,11,います　［子どもが〜］,います　［ 子[こ]どもが〜］,to have [a child],,,
11,11,います［日本に～］,います［ 日本[にっほん]に~］,"to stay, be [in Japan]",,,
11,11,お出かけですか。,お 出[で]かけですか。,Are you going out?,,,
11,11,お願いします。,お 願[ねが]いします。,Please. (lit. ask for a favor),,,
11,11,かしこまりました。,かしこまりました。,"Certainly, (Sir/Madam).",,,
11,11,ちょっと　～まで。,ちょっと　~まで。,I'm just going to ~.,,,
11,11,みんな,みんな,"all, everything, everyone",,,
11,11,アイスクリーム,アイスクリーム,ice cream,,,
11,11,オーストラリア,オーストラリア,Australia,,,
11,11,クラス,クラス,class,,,
11,11,サンドイッチ,サンドイッチ,sandwich,,,
11,11,一つ,一[ひと]つ,one (used when counting things),,,
11,11,一人,一人[ひとり],one person,,,
11,11,七つ,七[なな]つ,seven (things),,,
11,11,三つ,三[みっ]つ,three (things),,,
11,11,九つ,九[ここの]つ,nine (things),,,
11,11,二つ,二[ふた]つ,two (things),,,
11,11,二人,二人[ふたり],two people,,,
11,11,五つ,五[いつ]つ,five (things),,,
11,11,全部で,全部[ぜんぶ]で,in total,,,
11,11,八つ,八[やっ]つ,eight things,,,
11,11,六つ,六[むっ]つ,six (things),,,
11,11,四つ,四[よっ]つ,four (things),,,
11,11,航空便　（エアマール）,航空[こうくう] 便[びん]　（エアマール）,airmail,,,
11,11,船便,船便[ふなびん],sea mail,,,
11,11,行って　きます。,行[い]って　きます。,See you later./So long. (lit. I'm going and coming back.),,,
11,11,行ってらっしゃい。,行[い]ってらっしゃい。,See you later./So long. (lit. Go and come back.),,,
11,11,～ぐらい,~ぐらい,about ~,,,
12,12,お帰りなさい。,お 帰[かえ]りなさい。,Welcome home.,,,
12,12,すき焼き,すき 焼[や]き,sukiyaki (beef and vegetable hot pot),,,
12,12,ただいま。,ただいま。,I'm home.,,,
12,12,てんぷら,てんぷら,tempura (seafood and vegetables deep fried in batter),,,
12,12,わあ、すごい　ひとですね。,わあ、すごい　ひとですね。,Wow! Look at all those people!,,,
12,12,シンガポール,シンガポール,Singapore,,,
12,12,パーティー,パーティー,party (～を　します：to give a party),,,
12,12,ホテル,ホテル,hotel,,,
12,12,ホンコン　（香港）,ホンコン　（ 香港[ほんこん]）,Hong Kong,,,
12,12,レモン,レモン,lemon,,,
12,12,刺身,刺身[さしみ],sashimi (sliced raw fish),,,
12,12,早い、速い,早[はや]い、 速[はや]い,"fast, early",,,
12,12,暖かい、温かい,暖[あたた]かい、 温[あたた]かい,warm,,,
12,12,生け花,生け花[いけばな],flower arrangement (～を　します：to practice flower arrangement),,,
12,12,疲れました。,疲[つか]れました。,I'm tired,,,
12,12,祇園祭,祇園祭[ぎおんまつり],the Gion Festival (the most famous festival in Kyoto),,,
13,13,ご　注　もんは？,ご　 注[ちゅう]　もんは？,May I take your order?,,,
13,13,そう　しましょう。,そう　しましょう。,Let's do that. (used when agreeing with someone's suggestion),,,
13,13,スキー,スキー,skiing (～を　します：to ski),,,
13,13,プール,プール,swimming pool,,,
13,13,別々に,別々[べつべつ]に,separately,,,
13,13,牛どん,牛[ぎゅう]どん,bowl of rice topped with beef,,,
13,13,～ごろ,~ごろ,about ~ (time),,,
14,14,あれ？,あれ？,Oh! Eh? (in surprise or wonder),,,
14,14,これで　お願いします。,これで　お 願[ねが]いします。,I'd like to pay with this.,,,
14,14,さあ,さあ,right (used when encouraging some course of action),,,
14,14,つけます,つけます,to turn on,,,
14,14,エアコン,エアコン,air conditioner,,,
14,14,コピーします,コピーします,to copy,,,
14,14,パスポート,パスポート,passport,,,
14,14,信号を　右へ　曲がって　ください。,信号[しんごう]を　 右[みぎ]へ　 曲[ま]がって　ください。,Turn right at the traffic lights.,,,
14,14,出ます［喫茶店を～］,出[で]ます［ 喫茶店[きっさてん]を~］,to go out [of a cafe],,,
14,14,止めます,止[と]めます,"to stop, park",,,
14,14,閉めます,閉[し]めます,"to close, shut",,,
14,14,開けます,開[あ]けます,to open,,,
15,15,カタログ,カタログ,catalogue,,,
15,15,ソフト,ソフト,software,,,
15,15,作ります、造ります,作[つく]ります、 造[つく]ります,"to make, produce",,,
15,15,市役所,市役所[しやくしょ],"municipal office, city hall",,,
15,15,時刻表,時刻[じこく] 表[ひょう],timetable,,,
15,15,独身,独身[どくしん],"single, unmarried",,,
15,15,製品,製品[せいひん],products,,,
16,16,あびます　［シャワーを～］,あびます　［シャワーを~］,to take [a shower],,,
16,16,おひきだしですか。,おひきだしですか。,Are you making a withdrawal?,,,
16,16,すごいですね。,すごいですね。,That's amazing!,,,
16,16,入れます,入[い]れます,"to put in, insert",,,
16,16,出ます　［大学を～］,出[で]ます　［ 大学[だいがく]を~］,to graduate from [university],,,
16,16,安保番号,安保[あんぽ] 番号[ばんごう],"personal identification number, PIN",,,
16,16,脊,脊,height,,,
16,16,［いいえ、］　まだまだです。,［いいえ、］　まだまだです。,"[No,] I still have a long way to go.",,,
17,17,お大事に。,お 大事[だいじ]に。,Take care of yourself. (said to people who are ill),,,
17,17,どう　しましたか。,どう　しましたか。,What's the matter?,,,
17,17,出かけます,出[で]かけます,to go out,,,
17,17,忘れます,忘[わす]れます,to forget,,,
17,17,２，３　日,２，３　 日[にち],two or three days,,,
17,17,２，３～,２，３~,two or three ~ (where ~ is a counter suffix),,,
17,17,［～が］　痛いです。,［~が］　 痛[いた]いです。,(I) have a pain [in my ~].,,,
17,17,～までに,~までに,"before ~, by ~ (indicating time limit)",,,
18,18,それは　おもしろいですね。,それは　おもしろいですね。,"That's interesting, isn't it?",,,
18,18,できます,できます,"to be able to, can",,,
18,18,へえ,へえ,What! Really! (used when expressing surprise),,,
18,18,ほんとうですか。,ほんとうですか。,Really?,,,
18,18,捨てます,捨[す]てます,to throw away,,,
18,18,故郷,故郷[ふるさと],Furusato (a song title meaning 'Home Town'),,,
18,18,集めます,集[あつ]めます,"to collect, gather",,,
19,19,かんぱい,かんぱい,Cheers!,,,
19,19,でも,でも,but,,,
19,19,ゴルフ,ゴルフ,golf (~を　します: to play golf),,,
19,19,ダイエット,ダイエット,diet (～を　します: to go on a diet),,,
19,19,一度,一度[いちど],once,,,
19,19,無理［な］,無理[むり]［な］,"excessive, impossible",,,
19,19,登ります、上ります,登[のぼ]ります、 上[のぼ]ります,"to climb, go up",,,
19,19,練習,練習[れんしゅう],practice (~[を] します: to practice),,,
19,19,葛飾北斉　(FIX),葛飾[かつしか] 北[きた] 斉[ひとし],a famous Edo-period woodblock artist and painter (1760-1849),,,
20,20,あっち,あっち,"that way, that place over there (an informal equivalent of あちら)",,,
20,20,ううん,ううん,no (an informal equivalent of いいえ),,,
20,20,うん,うん,yes (an informal equivalent of はい),,,
20,20,おなかが　いっぱいです,おなかが　いっぱいです,(I'm) full,,,
20,20,こっち,こっち,"this way, this place (an informal equivalent of こちら)",,,
20,20,そっち,そっち,"that way, that place near the listener (an informal equivalent of そちら)",,,
20,20,みんあで,みんあで,all together,,,
20,20,ビザ,ビザ,visa,,,
20,20,修理します,修理[しゅうり]します,to repair,,,
20,20,君,君[きみ],you (an informal equivalent of あなた used to address people of equal or lower status),,,
20,20,調べます,調[しら]べます,"to check, investigate",,,
20,20,～けど,~けど,"~, but (an informal equivalent of が)",,,
20,20,～君,~ 君[くん],Mr. (an informal equivalent of ～さん used to address people of equal or lower status; also often appended to boys' names),,,
21,21,うそ,うそ,lie,,,
21,21,ほんとう,ほんとう,true,,,
21,21,むだ［な］,むだ［な］,wasteful,,,
21,21,もう　帰らないと。。。,もう　 帰[かえ]らないと。。。,I have to get home now...,,,
21,21,やめます　［かいしゃを～］,やめます　［かいしゃを~］,"to quit or retire from work [a company], stop, give up",,,
21,21,アニメ,アニメ,anime (Japanese animation),,,
21,21,デザイン,デザイン,"design, artwork",,,
21,21,ニュース,ニュース,news,,,
21,21,マンガ,マンガ,comic book,,,
21,21,久しぶりでしね。,久[ひさ]しぶりでしね。,It's been a long time [since we last met].,,,
21,21,放送,放送[ほうそう],"announcement, broadcast",,,
21,21,気を　つけます,気[き]を　つけます,"to pay attention, take care",,,
21,21,物価,物価[ぶっか],[commodity] prices,,,
21,21,自動車,自動車[じどうしゃ],"car, automobile",,,
21,21,負けます,負[ま]けます,"to lose, be beaten",,,
21,21,～でも　飲みませんか。,~でも　 飲[の]みませんか。,How about drinking ~ or something?,,,
22,22,えーと,えーと,"well, let me see",,,
22,22,おめでとう　［ございます］。,おめでとう　［ございます］。,"Congratulations. (used on birthdays, at weddings, etc.)",,,
22,22,お探しですか。,お 探[さが]しですか。,Are you looking for ~?,,,
22,22,かけます　［めがねを～］,かけます　［めがねを~］,to put on [glasses],,,
22,22,でわ,でわ,"well then,",,,
22,22,わたしたち,わたしたち,we,,,
22,22,ケーキ,ケーキ,cake,,,
22,22,コート,コート,coat,,,
22,22,スーツ,スーツ,suit,,,
22,22,セーター,セーター,sweater,,,
22,22,ダイニングキッチン,ダイニングキッチン,kitching with a dining area,,,
22,22,ユーモア,ユーモア,humor,,,
22,22,ロボット,ロボット,robot,,,
22,22,和室,和室[わしつ],Japanese-style room,,,
22,22,押入れ,押入[おしい]れ,Japanese-style closet,,,
22,22,生まれます,生[う]まれます,to be born,,,
22,22,都合,都合[つごう],convenience,,,
23,23,なんかいも,なんかいも,many times,,,
23,23,サイズ,サイズ,size,,,
23,23,出ます［お釣りが～］,出[で]ます［お 釣[つ]りが~］,[change] to come out,,,
23,23,故障,故障[こしょう],breakdown (～します: to break down),,,
23,23,（障ります）［ドアに～］,（ 障[さわ]ります）［ドアに~］,to touch [a door],,,
24,24,おじいさん／おじちゃん,おじいさん／おじちゃん,"grandfather, old man",,,
24,24,おばあさん／おばあちゃん,おばあさん／おばあちゃん,"grandmother, old woman",,,
24,24,くれます,くれます,to give (me),,,
24,24,ホームステイ,ホームステイ,homestay,,,
25,25,こと,こと,"thing, matter (～の　こと: to thing about ~)",,,
25,25,どうぞ　お元気で。,どうぞ　お 元気[げんき]で。,Please take care of yourself. (said when expecting a long separation),,,
25,25,もし［～たら］,もし［~たら］,if,,,
25,25,チャンス,チャンス,chance,,,
25,25,ベトナム,ベトナム,Vietnam,,,
25,25,暇,暇[ひま],free time,,,
25,25,足ります,足[た]ります,"to be enough, be sufficient",,,
25,25,転勤,転勤[てんきん],transfer (～します: to be transferred to another office),,,
25,25,［いろいろ］お世話に　なりました。,［いろいろ］お 世話[せわ]に　なりました。,Thank you for everything you've done for me.,,,
26,26,〜弁,〜 弁[べん],~ dialect,,,
26,26,〜様,〜 様[さま],Mr. ~ / Mrs. ~ (respectful equivalent of 〜さん）,,,
26,26,あんな　〜,あんな　〜,~ like that (far from both the speaker and the listener),,,
26,26,こんな〜,こんな〜,~ like this,,,
26,26,ずいぶん,ずいぶん,"very, pretty",,,
26,26,そんな〜,そんな〜,~ like that (near the listener),,,
26,26,ガス,ガス,gas,,,
26,26,フリーマーケット,フリーマーケット,flea market,,,
26,26,ボランティア,ボランティア,volunteer,,,
26,26,国会議事堂,国会[こっかい] 議事堂[ぎじどう],the Diet Building,,,
26,26,宇宙ステーション,宇宙[うちゅう]ステーション,space station,,,
26,26,宇宙船,宇宙船[うちゅうせん],spaceship,,,
26,26,宇宙飛行士,宇宙[うちゅう] 飛行[ひこう] 士[し],astronaut,,,
26,26,平日,平日[へいじつ],weekday,,,
26,26,気分が　いい,気分[きぶん]が　いい,feel well,,,
26,26,気分が　惡い,気分[きぶん]が　惡い,to feel ill,,,
26,26,燃える　ごみ,燃[も]える　ごみ,burnable rubbish,,,
26,26,片づきます［荷物が〜］,片[かた]づきます［ 荷物[にもつ]が〜］,"[boxes] to be put in order, to tidy up",,,
26,26,瓶,瓶[びん],bottle,,,
26,26,盆踊り,盆踊[ぼんおど]り,Bon Festival dance,,,
26,26,直接,直接[ちょくせつ],directly,,,
26,26,缶,缶[かん],can,,,
26,26,置き場,置き場[おきば],place where something is put,,,
26,26,見ます（診ます）,見[み]ます（ 診[み]ます）,"to check, take a look",,,
26,26,遅れます［時間に〜］,遅[おく]れます［ 時間[じかん]に〜］,"to be late [for an appointment, etc.]",,,
26,26,運動会,運動会[うんどうかい],"athletic meeting, sports day",,,
27,27,〜しか,〜しか,only ~ (used with negatives),,,
27,27,〜後,〜 後[ご],after ~ (duration of time),,,
27,27,いつか,いつか,"one day, some day",,,
27,27,できます［道が〜］,できます［ 道[みち]が〜］,"[a road] to be made, be completed, come into existence",,,
27,27,はかの,はかの,other,,,
27,27,キッチン,キッチン,kitchen,,,
27,27,クリーニング,クリーニング,"(dry) cleaning, laundry",,,
27,27,パーティールーム,パーティールーム,party room,,,
27,27,ペット,ペット,pet,,,
27,27,ポケット,ポケット,pocket,,,
27,27,マンション,マンション,"condominium, apartment house, blocks of flats",,,
27,27,不思議［な］,不思議[ふしぎ]［な］,"fantastic, mysterious",,,
27,27,主人公,主人公[しゅじんこう],"hero, heroine",,,
27,27,付けます,付[つ]けます,"to attach, put on",,,
27,27,子どもたち,子[こ]どもたち,children,,,
27,27,建てます,建[た]てます,to build,,,
27,27,形,形[かたち],shape,,,
27,27,本棚,本棚[ほんだな],bookcase,,,
27,27,波,波[なみ],wave,,,
28,28,うーん,うーん,"well, let me see, hmm...",,,
28,28,お知らせ,お 知[し]らせ,notice,,,
28,28,それで,それで,and so,,,
28,28,それに,それに,in addition,,,
28,28,イベント,イベント,event,,,
28,28,ガム,ガム,chewing gum,,,
28,28,ゲーム,ゲーム,(computer) game,,,
28,28,ドラマ,ドラマ,drama,,,
28,28,ボーナス,ボーナス,bonus,,,
28,28,メモします,メモします,to take a memo,,,
28,28,人気,人気[にんき],popularity (［がくせいに］〜が　あります：to be popular [with students]),,,
28,28,偉い,偉[えら]い,"great, admirable",,,
28,28,力,力[ちから],power,,,
28,28,台所,台所[だいどころ],kitchen,,,
28,28,品物,品物[しなもの],goods,,,
28,28,土,土[ど],Saturday,,,
28,28,売れます ［パンが〜］,売[う]れます［パンが〜］,"to sell [bread], be sold",,,
28,28,小説,小説[しょうせつ],novel,,,
28,28,小説家,小説[しょうせつ] 家[か],novelist,,,
28,28,形,形[かたち],"form, shape",,,
28,28,日にち,日[ひ]にち,date,,,
28,28,熱心［な］,熱心[ねっしん]［な］,earnest,,,
28,28,色,色[いろ],color,,,
28,28,［ちょっと］お願いが　あるんですが。,［ちょっと］お 願[ねが]いが　あるんですが。,I have a [small] favor to ask.,,,
29,29,〜の　方,〜の　 方[ほう],direction of ~,,,
29,29,お先に　どうそ。,お 先[さき]に　どうそ。,"After you. / Go ahead, please.",,,
29,29,この　くらい,この　くらい,about this (big),,,
29,29,ふさます,ふさます,to wipe,,,
29,29,ガラス,ガラス,glass (material),,,
29,29,コップ,コップ,glass (vessel),,,
29,29,スピーチ,スピーチ,speech (〜を　します：to give/make a speech),,,
29,29,ポケット,ポケット,pocket,,,
29,29,レポーター,レポーター,reporter,,,
29,29,交番,交番[こうばん],police box,,,
29,29,今の　電車,今[いま]の　 電車[でんしゃ],the train which has just left,,,
29,29,付きます［ポケットが〜］,付[つ]きます［ポケットが〜］,[a pocket] to be attached,,,
29,29,倒れます,倒[たお]れます,to fall down,,,
29,29,割れます［コップが〜］,割[わ]れます［コップが〜］,"to break [a glass], smash, shatter",,,
29,29,取り替えます,取り替[とりか]えます,to change,,,
29,29,壊れます［いすが〜］,壊[こわ]れます［いすが〜］,to break [a chair],,,
29,29,外れます［ボタンが〜］,外[はず]れます［ボタンが〜］,[a button] to be undone,,,
29,29,忘れ物,忘れ物[わすれもの],"things left behind, lost property",,,
29,29,折れます［木が〜］,折[お]れます［ 木[き]が〜］,"to break [a tree], snap",,,
29,29,枝,枝[えだ],"branch, twig",,,
29,29,汚れます［服が〜］,汚[よご]れます［ 服[ふく]が〜］,to get dirty [clothes],,,
29,29,源氏物語,源氏物語[げんじものがたり],'The Tale of Genji' (a novel written by Murasaki Shikibu in the Heian Era),,,
29,29,燃えます,燃[も]えます,to burn,,,
29,29,片づけます,片[かた]づけます,"to put (things) in order, tidy up",,,
29,29,破れます［紙が〜］,破[やぶ]れます［ 紙[かみ]が〜］,to tear [paper],,,
29,29,確か,確[たし]か,I'm pretty sure,,,
29,29,網棚,網棚[あみだな],overhead rack,,,
29,29,覚えて　いません,覚[おぼ]えて　いません,I don't remember.,,,
29,29,返事,返事[へんじ],"reply, answer (〜を　します：to reply, answer)",,,
29,29,針,針[はり],hands (of a clock),,,
29,29,駅前,駅前[えきまえ],the area in front of a station,,,
29,29,［ああ、］よかった。,［ああ、］よかった。,"[Oh,] that's great! / Thank goodness! (used to express a feeling of relief)",,,
29,29,［お］ちゃわん,［お］ちゃわん,(rice) bowl,,,
30,30,〜とか、〜とか,〜とか、〜とか,"~, ~, and so on",,,
30,30,お知らせ,お 知[し]らせ,notice,,,
30,30,ごみ箱,ごみ 箱[ばこ],"trash can, dustbin",,,
30,30,すると,すると,"and, then",,,
30,30,そのままに します,そのままに　します,to leave things as they are,,,
30,30,まとめます,まとめます,"to put ~ together, put ~ in shape, sum up",,,
30,30,カレンダー,カレンダー,calendar,,,
30,30,ガイドブック,ガイドブック,guidebook,,,
30,30,ポスター,ポスター,poster,,,
30,30,ミーティング,ミーティング,meeting,,,
30,30,リュック,リュック,rucksack,,,
30,30,並べます,並[なら]べます,"to arrange, line up",,,
30,30,予定表,予定[よてい] 表[ひょう],schedule,,,
30,30,元の　所,元[もと]の　 所[ところ],original place,,,
30,30,夢を　見ます,夢[ゆめ]を　 見[み]ます,to dream,,,
30,30,嫌［な］,嫌[いや]［な］,"hateful, disagreeable",,,
30,30,懐中電灯,懐中[かいちゅう] 電灯[でんとう],"torch, flashlight",,,
30,30,戻します,戻[もど]します,"to return, put ~ back",,,
30,30,掛けます,掛[か]けます,to hang,,,
30,30,池,池[いけ],pond,,,
30,30,決めます,決[き]めます,to decide,,,
30,30,玄関,玄関[げんかん],"front door, porch, entrance hall",,,
30,30,目が　覚めます,目[め]が　 覚[さ]めます,to wake up,,,
30,30,花瓶,花瓶[かびん],vase,,,
30,30,講義,講義[こうぎ],lecture,,,
30,30,非常時,非常時[ひじょうじ],emergency,,,
30,30,非常袋,非常[ひじょう] 袋[ぶくろ],emergency kit,,,
31,31,〜の　方,〜の　 方[ほう],"place toward ~, direction of ~",,,
31,31,のぞみ,のぞみ,name of a Shinkansen train (~42号：Nozomi Superexpress No. 42),,,
31,31,バリ,バリ,Bali (Indonesian island),,,
31,31,ピカソ,ピカソ,"Pablo Picasso, Spanish painter (1881-1973)",,,
31,31,ー号,ー 号[ごう],"train number, typhoon number, etc.",,,
31,31,休憩します,休憩[きゅうけい]します,"to take a break, take a rest",,,
31,31,入学試験,入学[にゅうがく] 試験[しけん],entrance examination,,,
31,31,受けます［試験を〜］,受[う]けます［ 試験[しけん]を〜］,to take [an examination],,,
31,31,嫌［な］,嫌[いや]［な］,"hateful, disagreeable",,,
31,31,子どもたち,子[こ]どもたち,children,,,
31,31,帰り,帰[かえ]り,return,,,
31,31,式,式[しき],ceremony,,,
31,31,支店,支店[してん],branch office,,,
31,31,月に,月[つき]に,per month,,,
31,31,本社,本社[ほんしゃ],head office (HQ),,,
31,31,村,村[むら],village,,,
31,31,発表,発表[はっぴょう],"announcement, presentation (〜します：to announce)",,,
31,31,結婚式,結婚式[けっこんしき],wedding ceremony,,,
31,31,続けます,続[つづ]けます,to continue,,,
31,31,見つけます,見[み]つけます,to find,,,
31,31,連休,連休[れんきゅう],consecutive holidays,,,
31,31,閉じます,閉[と]じます,to close,,,
31,31,［お］葬式,［お］ 葬式[そうしき],funeral,,,
32,32,あんなに,あんなに,"that (much, etc.) (concerning a matter not related to the speaker or the listener)",,,
32,32,おかしい,おかしい,"strange, funny",,,
32,32,けが,けが,injury (〜を　します：to get injured),,,
32,32,こんなに,こんなに,"this (much, etc.)",,,
32,32,それは　いけませんえ。,それは　いけませんえ。,I'm sorry to hear that.,,,
32,32,そんなに,そんなに,"that (much, etc.) (concerning a matter related to the listener)",,,
32,32,やけど,やけど,burning (〜を　します：to get burned),,,
32,32,やみます［雨が〜］,やみます［ 雨[あめ]が〜］,[rain] to stop,,,
32,32,インフルエンザ,インフルエンザ,"influenza (i.e., the flu)",,,
32,32,エンジン,エンジン,engine,,,
32,32,ストレス,ストレス,stress,,,
32,32,チーム,チーム,team,,,
32,32,ヨーロッパ,ヨーロッパ,Europe,,,
32,32,ラッキーアイテム,ラッキーアイテム,something lucky,,,
32,32,今夜,今夜[こんや],this evening,,,
32,32,働きすぎ,働[はたら]きすぎ,overworking,,,
32,32,出ます［試合に〜］［パーティーに〜］,出[で]ます［ 試合[しあい]に〜］［パーティーに〜］,to participate [in a match]; to attend [a party],,,
32,32,十分［な］,十分[じゅうぶん]［な］,"enough, sufficient",,,
32,32,合格します［試験に〜］,合格[ごうかく]します［ 試験[しけん]に〜］,to pass [an examination],,,
32,32,国際　〜,国際[こくさい]　〜,international ~,,,
32,32,恋人,恋人[こいびと],"sweetheart, boyfriend, girlfriend",,,
32,32,恋愛,恋愛[れんあい],romantic love,,,
32,32,成功します,成功[せいこう]します,to succeed,,,
32,32,星,星[ほし],star,,,
32,32,星占い,星[ほし] 占[うらな]い,horoscope,,,
32,32,水道,水道[すいどう],"faucet, tap, water supply",,,
32,32,牡牛座,牡[お] 牛[うし] 座[ざ],Taurus,,,
32,32,石,石[いし],stone,,,
32,32,胃,胃[い],stomach,,,
32,32,遅く,遅[おそ]く,late (time),,,
33,33,〜ほど,〜ほど,about ~,,,
33,33,あきらめます,あきらめます,to give up,,,
33,33,あと　〜,あと　〜,~ left,,,
33,33,もともと,もともと,originally,,,
33,33,ボール,ボール,ball,,,
33,33,マーク,マーク,"mark, symbol",,,
33,33,リサイクルします,リサイクルします,to recycle,,,
33,33,使用中,使用[しよう] 中[ちゅう],In Use,,,
33,33,使用禁止,使用[しよう] 禁止[きんし],Do Not Use,,,
33,33,出席します,出席[しゅっせき]します,to attend [a meeting],,,
33,33,助け合います,助け合[たすけあ]います,to help each other,,,
33,33,募集中,募集[ぼしゅう] 中[ちゅう],Applications Wanted,,,
33,33,徐行,徐行[じょこう],Go Slow,,,
33,33,投げます,投[な]げます,to throw,,,
33,33,相手,相手[あいて],the other person,,,
33,33,立入禁止,立入禁止[たちいりきんし],Keep Out,,,
33,33,締め切り,締め切[しめき]り,deadline,,,
33,33,罰金,罰金[ばっきん],fine,,,
33,33,規則,規則[きそく],"regulation, rule",,,
33,33,逃げます,逃[に]げます,to run away,,,
33,33,非常口,非常口[ひじょうぐち],emergency exit,,,
33,33,飲み放題,飲[の]み 放題[ほうだい],All You Can Drink,,,
33,33,駐車違反,駐車[ちゅうしゃ] 違反[いはん],parking violation,,,
34,34,〜か　〜,〜か　〜,~ or ~,,,
34,34,いかがですか。,いかがですか。,How is it?,,,
34,34,お茶を　たてます,お 茶[ちゃ]を　たてます,to make (green) tea (at a tea ceremony),,,
34,34,これで　いいですか。,これで　いいですか。,Is this all right?,,,
34,34,さっき,さっき,a short while ago,,,
34,34,つけます［しょうゆを〜］,つけます［しょうゆを〜］,to put [in soy sauce],,,
34,34,どんぶり,どんぶり,bowl,,,
34,34,ゆうべ,ゆうべ,last night,,,
34,34,スポーツクラブ,スポーツクラブ,sports club,,,
34,34,ソース,ソース,"sauce, Worcestershire sauce",,,
34,34,ーグラム,ーグラム,- gram(s),,,
34,34,図,図[ず],"figure, drawing",,,
34,34,火に　かけます,火[ひ]に　かけます,to put on the stove,,,
34,34,煮えます,煮[に]えます,"to be cooked, be boiled",,,
34,34,煮ます,煮[に]ます,"to cook, boil",,,
34,34,紺,紺[こん],"navy blue, dark blue (noun)",,,
34,34,組み立てます,組み立[くみた]てます,to assemble,,,
34,34,茶道,茶道[さどう],tea ceremony,,,
34,34,親子どんぶり,親子[おやこ]どんぶり,a bowl of cooked rice with chicken and egg,,,
34,34,説明書,説明[せつめい] 書[しょ],"explanatory pamphlet, instruction book",,,
34,34,調味料,調味[ちょうみ] 料[りょう],"seasoning, flavouring",,,
34,34,赤,赤[あか],red (noun),,,
34,34,載せます,載[の]せます,"place on, load onto",,,
34,34,適当な　大きさに,適当[てきとう]な　 大[おお]きさに,in right size,,,
34,34,青,青[あお],blue (noun),,,
34,34,黒,黒[くろ],black (noun),,,
34,34,４分の１（１／４）,４ 分[ぶん]の１（１／４）,one fourth,,,
35,35,ことわぎ,ことわぎ,a proverb,,,
35,35,これで　終わりましょう。,これで　 終[お]わりましょう。,Let's finish now.,,,
35,35,それなら,それなら,in that case,,,
35,35,ひも,ひも,string,,,
35,35,ふりがな,ふりがな,kana above or beside kanji indicating its pronunciation,,,
35,35,カーテン,カーテン,curtain,,,
35,35,キー,キー,key,,,
35,35,クリックします,クリックします,to click,,,
35,35,スキー場,スキー 場[じょう],"ski resort, ski area",,,
35,35,レバー,レバー,lever,,,
35,35,交わります,交[まじ]わります,to keep company with,,,
35,35,付けます［丸を〜］,付[つ]けます［ 丸[まる]を〜］,"To draw [a circle], mark [with a circle], add",,,
35,35,入力します,入力[にゅうりょく]します,to input,,,
35,35,向こう,向[む]こう,"over there, the other side",,,
35,35,夜行バス,夜行[やこう]バス,overnight bus,,,
35,35,山登り,山登[やまのぼ]り,mountain climbing,,,
35,35,旅行社,旅行[りょこう] 社[しゃ],travel agency,,,
35,35,朱,朱[しゅ],vermilion,,,
35,35,機会,機会[きかい],"chance, opportunity",,,
35,35,港,港[みなと],"port, harbor",,,
35,35,設備,設備[せつび],"equipment, facilities",,,
35,35,許可,許可[きょか],permission,,,
35,35,詳しい,詳[くわ]しい,detailed,,,
36,36,かなり,かなり,fairly,,,
36,36,このごろ,このごろ,these days,,,
36,36,して　いらっしゃいます,して　いらっしゃいます,to be doing (respectful equivalent of して　います）,,,
36,36,チャレンジします,チャレンジします,to challenge,,,
36,36,ラッシュ,ラッシュ,rush hour,,,
36,36,ー世紀,ー 世紀[せいき],-th century,,,
36,36,上手に,上手[じょうず]に,"well, skillfully",,,
36,36,乗り物,乗り物[のりもの],"vehicle, means of transportation",,,
36,36,使って　いらっしゃるんですね。,使[つか]って　いらっしゃるんですね。,"You're using, aren't you? (respectful equivalent of つかって　いるんですね）",,,
36,36,剣道,剣道[けんどう],kendo (Japanese style fencing),,,
36,36,大勢の　〜,大勢[たいせい]の　〜,many (people),,,
36,36,必ず,必[かなら]ず,"without fail, by any means",,,
36,36,慣れます［仕事に〜］,慣[な]れます［ 仕事[しごと]に〜］,to get accustomed to [one's job],,,
36,36,柔道,柔道[じゅうどう],judo,,,
36,36,毎年,毎年[まいとし]［まいねん］,every year,,,
36,36,毎月,毎月[まいつき],every month,,,
36,36,毎週,毎週[まいしゅう],every week,,,
36,36,汽船,汽船[きせん],steam boat,,,
36,36,汽車,汽車[きしゃ],locomotive,,,
36,36,特別［な］,特別[とくべつ]［な］,special,,,
36,36,絶対に,絶対[ぜったい]に,absolutely,,,
36,36,腐ります［食べ物が〜］,腐[くさ]ります［ 食べ物[たべもの]が〜］,to [food] rot,,,
36,36,貯金します,貯金[ちょきん]します,to save money,,,
36,36,過ぎます［７時を〜］,過[す]ぎます［７ 時[じ]を〜］,to pass [7 o'clock],,,
36,36,遠く,遠[とお]く,"far, remote place",,,
37,37,〜の　一つ,〜の　 一[ひと]つ,one of the ~,,,
37,37,しかし,しかし,"however, but",,,
37,37,その　あと,その　あと,after that,,,
37,37,その後,その 後[ご],"after that, later",,,
37,37,ねずみ,ねずみ,mouse,,,
37,37,よかったですね。,よかったですね。,Sounds good.,,,
37,37,インスタントラーメン,インスタントラーメン,instant noodles,,,
37,37,オリンピック,オリンピック,Olympic Games,,,
37,37,サウジアラビア,サウジアラビア,Saudi Arabia,,,
37,37,デート,デート,date,,,
37,37,ポルトガル,ポルトガル,Portugal,,,
37,37,ロシア,ロシア,Russia,,,
37,37,ワールドカップ,ワールドカップ,World Cup,,,
37,37,ーキロ,ーキロ,"- kilograms, - kilometers",,,
37,37,ー世紀,ー 世紀[せいき],-th century,,,
37,37,一匹も　いません。,一匹[いっぴき]も　いません。,There is not a single (mouse).,,,
37,37,世界中,世界中[せかいじゅう],all over the world,,,
37,37,世界遺産,世界[せかい] 遺産[いさん],World Heritage Site,,,
37,37,仲間,仲間[なかま],"colleague, friend",,,
37,37,何語,何[なに] 語[ご],what language,,,
37,37,原料,原料[げんりょう],raw material,,,
37,37,大仏,大仏[だいぶつ],Great Buddha,,,
37,37,左甚五郎,左[ひだり] 甚[じん]五[ご]郎[ろう],famous Japanese sculptor of the Edo Period (1594-1651),,,
37,37,彫ります,彫[ほ]ります,"to engrave, carve",,,
37,37,彫刻,彫刻[ちょうこく],"engraving, carving, sculpture",,,
37,37,本物,本物[ほんもの],real thing,,,
37,37,東大寺,東大寺[とうだいじ],Todaiji Temple,,,
37,37,東照宮,東照宮[とうしょうぐう],"shrine dedicated to Tokugawa Ieyasu in Nikko, Tochigi prefecture",,,
37,37,江戸時代,江戸[えど] 時代[じだい],Edo Period (1603-1868),,,
37,37,焼けます［うちが〜］,焼[や]けます［うちが〜］,[house] to burn down,,,
37,37,発明します,発明[はつめい]します,to invent,,,
37,37,皆様,皆様[みなさま],"Ladies and Gentlemen, everybody (respectful equivalent of みなさん）",,,
37,37,眠り猫,眠[ねむ]り 猫[ねこ],The Sleeping Cat,,,
37,37,米,米[こめ],rice,,,
37,37,褒めます,褒[ほ]めます,to praise,,,
37,37,豪華［な］,豪華[ごうか]［な］,gorgeous,,,
37,37,輸入します,輸入[ゆにゅう]します,to import,,,
37,37,輸出します,輸出[ゆしゅつ]します,to export,,,
37,37,金,金[きん],gold,,,
37,37,金色,金色[きんいろ],golden color,,,
37,37,麦,麦[むぎ],"barley, wheat",,,
38,38,5年生,5 年生[ねんせい],"fifth grade, fifth year",,,
38,38,〜と　いう,〜と　いう,"entitled ~, named ~, called ~",,,
38,38,〜製,〜 製[せい],made in ~,,,
38,38,おとなしい,おとなしい,"quiet, gentle",,,
38,38,お先に［失礼します］。,お 先[さき]に［ 失礼[しつれい]します］。,Excuse me [for leaving before you].,,,
38,38,かな,かな,hiragana and katakana script,,,
38,38,きちんと,きちんと,"neatly, tidily",,,
38,38,しかた,しかた,way (of doing something),,,
38,38,はんこ,はんこ,"seal, stamp",,,
38,38,チェンマイ,チェンマイ,Chiangmai (in Thailand),,,
38,38,不思議［な］,不思議[ふしぎ]［な］,"mysterious, strange",,,
38,38,似て　います,似[に]て　います,"to resemble, be like",,,
38,38,入れます［電源を〜］,入[い]れます［ 電源[でんげん]を〜］,to turn on [the power switch],,,
38,38,出雲大社,出雲[いずも] 大社[たいしゃ],a shrine in Izumo city in Shinmane prefecture,,,
38,38,原爆ドーム,原爆[げんばく]ドーム,dome commemorating the atomic bombing of Hiroshima,,,
38,38,回覧,回覧[かいらん],circular,,,
38,38,大きな　〜,大[おお]きな　〜,"large ~, big ~",,,
38,38,小さな　〜,小[ちい]さな　〜,"small ~, little ~",,,
38,38,年齢,年齢[ねんれい],age,,,
38,38,掛けます［かぎを〜］,掛[か]けます［かぎを〜］,to lock,,,
38,38,整理します,整理[せいり]します,sort (things) out,,,
38,38,時間が　たちます,時間[じかん]が　たちます,time passes by,,,
38,38,村,村[むら],village,,,
38,38,気が　強い,気[き]が　 強[つよ]い,"tough, strong-willed",,,
38,38,気持ちが　いい,気持[きも]ちが　いい,"pleasant, aggreeable",,,
38,38,海岸,海岸[かいがん],"seaside, seashore",,,
38,38,習慣,習慣[しゅうかん],habit,,,
38,38,育てます,育[そだ]てます,"to breed, bring up",,,
38,38,電源,電源[でんげん],power switch,,,
38,38,駅前,駅前[えきまえ],the area in front of the station,,,
38,38,［あ、］いけない。,［あ、］いけない。,"Oops! / Oh, no! (used when one has made a mistake)",,,
39,39,〜屋,〜 屋[や],"-er (e.g., baker, grocer, etc.)",,,
39,39,お疲れ様でした。,お 疲れ様[つかれさま]でした。,Thank you for your hard work. (used to express appreciation for a coleague's or subordinate's work),,,
39,39,がっかりします,がっかりします,to be disappointed,,,
39,39,しかし,しかし,"however, but",,,
39,39,せっけん,せっけん,soap,,,
39,39,やせます,やせます,"to get slim, lose weight",,,
39,39,タオル,タオル,towel,,,
39,39,トラック,トラック,"truck, lorry",,,
39,39,ハイキング,ハイキング,hiking,,,
39,39,フロント,フロント,"front desk, reception desk",,,
39,39,ー号室,ー 号[ごう] 室[しつ],room number -,,,
39,39,今では,今[いま]では,now,,,
39,39,伝統的［な］,伝統[でんとう] 的[てき]［な］,traditional,,,
39,39,伺います。,伺[うかが]います。,I'm coming. (humble equivalent of 行きます),,,
39,39,倒れます［ビルが〜］,倒[たお]れます［ビルが〜］,[a building] to fall down,,,
39,39,大勢,大勢[おおせい],a great number (of people),,,
39,39,成人式,成人[せいじん] 式[しき],coming-of-age celebration,,,
39,39,操作,操作[そうさ],operation (〜します：to operate),,,
39,39,洋服,洋服[ようふく],Western clothes,,,
39,39,津波,津波[つなみ],"tsunami, tidal wave",,,
39,39,西洋化します,西洋[せいよう] 化[か]します,to be Westernized,,,
39,39,途中で,途中[とちゅう]で,"on the way, in the midst of",,,
39,39,通ります［道を〜］,通[とお]ります［ 道[みち]を〜］,to pass [along a stree],,,
39,39,邪魔［な］,邪魔[じゃま]［な］,"obstructive, in the way",,,
39,39,離婚します,離婚[りこん]します,to divorce,,,
39,39,［お］見合い,［お］ 見合[みあ]い,a meeting arranged with a view to marriage,,,
40,40,JAL,JAL,Japan Airlines,,,
40,40,〜以上,〜 以上[いじょう],"not less than ~, over ~",,,
40,40,〜以下,〜 以下[いか],"not more than ~, under ~",,,
40,40,どうでしょうか。,どうでしょうか。,How is ~? (polite equivalent of どうですか),,,
40,40,オートバイ,オートバイ,motorcycle,,,
40,40,コンテスト,コンテスト,contest,,,
40,40,ズボン,ズボン,trousers,,,
40,40,テスト,テスト,"test, examination",,,
40,40,マラソン,マラソン,marathon,,,
40,40,ーグラム,ーグラム,- grams,,,
40,40,ーセンチ,ーセンチ,- centimeters,,,
40,40,ーミリ,ーミリ,- millimeters,,,
40,40,七夕祭り,七夕[たなばた] 祭[まつ]り,the Star Festival,,,
40,40,事件,事件[じけん],"incident, case",,,
40,40,二次会,二次会[にじかい],second party,,,
40,40,今でも,今[いま]でも,even now,,,
40,40,仙台,仙台[せんだい],capital of Miyagi prefecture,,,
40,40,傷,傷[きず],"defect, wound, scratch",,,
40,40,僕弾,僕[ぼく] 弾[だん],bomb,,,
40,40,出ます［問題が〜］,出[で]ます［ 問題[もんだい]が〜］,[problems] to be on a test,,,
40,40,出発します,出発[しゅっぱつ]します,to depart,,,
40,40,到着します,到着[とうちゃく]します,to arrive,,,
40,40,合います［サイズが〜］,合[あ]います［サイズが〜］,[the size] to fit,,,
40,40,大きさ,大[おお]きさ,"size, scale",,,
40,40,大会,大会[たいかい],"rally, convention",,,
40,40,忘年会,忘年会[ぼうねんかい],year-end party,,,
40,40,手に　入れます,手[て]に　 入[い]れます,"to obtain, get",,,
40,40,新年会,新年[しんねん] 会[かい],New Year's party,,,
40,40,東照宮,東照宮[とうしょうぐう],"shrine dedicated to Tokugawa Ieyasu in Nikko, Tochigi prefecture",,,
40,40,様子,様子[ようす],"situation, condition, appearance",,,
40,40,測ります、量ります,測[はか]ります、 量[はか]ります,"to measure, weigh",,,
40,40,男,男[おとこ],man,,,
40,40,発表会,発表[はっぴょう] 会[かい],presentation meeting,,,
40,40,確かめます,確[たし]かめます,"to confirm, make sure",,,
40,40,表,表[おもて],"face, front",,,
40,40,裏,裏[うら],back (side),,,
40,40,運転手,運転[うんてん] 手[しゅ],driver,,,
40,40,酔います,酔[よ]います,to get drunk,,,
40,40,重さ,重[おも]さ,weight,,,
40,40,長さ,長[なが]さ,length,,,
40,40,長崎,長崎[ながさき],capital of Nagasaki prefecture,,,
40,40,離れた,離[はな]れた,remote,,,
40,40,高さ,高[たか]さ,height,,,
40,40,［お］年寄り,［お］ 年寄[としよ]り,elderly person,,,
40,40,［ー］便,［ー］ 便[びん],"flight, flight number",,,
41,41,〜さん,〜さん,suffix added to a person's job title as a polite way of referring to them,,,
41,41,いじめます,いじめます,"to bully, abuse, ill-treat",,,
41,41,いただきます,いただきます,to receive (humble equivalent of もらいます),,,
41,41,お姫様,お 姫様[ひめさま],princess,,,
41,41,お孫さん,お 孫[まご]さん,(someone else's) grandchild,,,
41,41,お年玉,お 年玉[としだま],money given as a New Year's gift,,,
41,41,かめ,かめ,"turtle, tortoise",,,
41,41,くださいます,くださいます,to give (respectful equivalent of くれます),,,
41,41,この間,この 間[あいだ],the other day,,,
41,41,すると,すると,"and, then",,,
41,41,とうぞ　お幸せに。,とうぞ　お 幸[しあわ]せに。,I hope you will be very happy.,,,
41,41,ひとこと,ひとこと,a few words,,,
41,41,ドライバー,ドライバー,screwdriver,,,
41,41,ハンカチ,ハンカチ,handkerchief,,,
41,41,上げます,上[あ]げます,"to raise, lift up",,,
41,41,下げます,下[さ]げます,"to lower, pull down",,,
41,41,中身,中身[なかみ],content,,,
41,41,二人,二人[ふたり],couple,,,
41,41,冷房,冷房[れいぼう],air-conditioning,,,
41,41,助けます,助[たす]けます,"to save, help",,,
41,41,子どもたち,子[こ]どもたち,children,,,
41,41,幼稚園,幼稚園[ようちえん],"preschool, kindergarten",,,
41,41,昔話,昔話[むかしばなし],"old tale, folklore",,,
41,41,浦島太郎,浦島[うらしま] 太郎[たろう],name of the main character in an old folk tale,,,
41,41,煙,煙[けむり],smoke,,,
41,41,猿,猿[さる],"ape, monkey",,,
41,41,男,男[おとこ],man,,,
41,41,発音,発音[はつおん],pronunciation,,,
41,41,真っ白［な］,真っ白[まっしろ]［な］,pure white,,,
41,41,管理人,管理[かんり] 人[じん],"janitor, caretaker",,,
41,41,絵はがき,絵[え]はがき,picture postcard,,,
41,41,絵本,絵本[えほん],picture book,,,
41,41,興味,興味[きょうみ],interest (［コンピューターに］〜が　あります：to be interested [in computers]),,,
41,41,親切に　します,親切[しんせつ]に　します,to be kind to,,,
41,41,陸,陸[りく],"land, shore",,,
41,41,［お］見舞い,［お］ 見舞[みま]い,"expression of sympathy, consolatory gift to a sick person",,,
42,42,そろばん,そろばん,abacus,,,
42,42,どんぶり,どんぶり,bowl,,,
42,42,のし袋,のし 袋[ぶくろ],envelop for a gift of money,,,
42,42,ふろしき,ふろしき,wrapping cloth used to carry things,,,
42,42,めん,めん,noodles,,,
42,42,やかん,やかん,kettle,,,
42,42,アパート,アパート,"apartment, flat",,,
42,42,エリーゼの　ために,エリーゼの　ために,Für Elise (For Elise),,,
42,42,カップめん,カップ[かっぷ]めん,"instant noodles sold in a ready-to-use disposable container, pot noodles",,,
42,42,チキンラーメン,チキンラーメン,brand name of instant noodles,,,
42,42,ベートーベン,ベートーベン,"Ludwig van Beethoven, German composer (1770-1827)",,,
42,42,ミキサー,ミキサー,"mixer, blender",,,
42,42,ローン,ローン,loan,,,
42,42,丈夫［な］,丈夫[じょうぶ]［な］,"strong, healthy",,,
42,42,世界初,世界[せかい] 初[はつ],world's first,,,
42,42,出ます［ボーナスが〜］,出[で]ます［ボーナスが〜］,[bonus] to be paid,,,
42,42,国連,国連[こくれん],United Nations,,,
42,42,子どもたち,子[こ]どもたち,children,,,
42,42,安藤百福,安藤[あんどう] 百[もも] 福[ふく],Japanese businessman and inventor (1910-2007),,,
42,42,市場調査,市場[しじょう] 調査[ちょうさ],"market survey, market research",,,
42,42,広めます,広[ひろ]めます,to spread,,,
42,42,戦争,戦争[せんそう],war,,,
42,42,教育,教育[きょういく],education,,,
42,42,栓抜き,栓[せん] 抜[ぬ]き,"bottle opener, corkscrew",,,
42,42,沸かします,沸[わ]かします,to boil,,,
42,42,法律,法律[ほうりつ],law,,,
42,42,注ぎます,注[そそ]ぎます,to pour,,,
42,42,混ぜます,混[ま]ぜます,to mix,,,
42,42,缶切り,缶切[かんき]り,can opener,,,
43,43,うまい,うまい,tasty,,,
43,43,とれます［ボタンが〜］,とれます［ボタンが〜］,[a button] to come off,,,
43,43,ばら,ばら,rose,,,
43,43,わあ,わあ,Oh! / Wow!,,,
43,43,ガソリン,ガソリン,"petrol, gasoline",,,
43,43,ドライブ,ドライブ,driving,,,
43,43,パンフレット,パンフレット,pamphlet,,,
43,43,今にも,今[いま]にも,at any moment (used to describe a situation just before it changes),,,
43,43,切れます［ひもが〜］,切[き]れます［ひもが〜］,"[a string] to break, snap",,,
43,43,知り合います,知り合[しりあ]います,to get acquainted,,,
43,43,落ちます［荷物が〜］,落[お]ちます［ 荷物[にもつ]が〜］,[baggage] to fall down,,,
44,44,DVD,DVD,DVD,,,
44,44,〜みたいに　して　ください。,〜みたいに　して　ください。,Do it like ~.,,,
44,44,うまく,うまく,well,,,
44,44,これで　よろしいでしょうか。,これで　よろしいでしょうか。,Would this be alright? (polite),,,
44,44,これら,これら,these,,,
44,44,どう　なさいますか。,どう　なさいますか。,What can I do for you? (respectful),,,
44,44,どういうふうに　なさいますか。,どういうふうに　なさいますか。,How would you like it done? (respectful),,,
44,44,ぬれます［シャツが〜］,ぬれます［シャツが〜］,[a shirt] to get wet,,,
44,44,カット,カット,haircut,,,
44,44,シャンプー,シャンプー,shampoo (〜を　します：to shampoo),,,
44,44,ショート,ショート,short,,,
44,44,シングル,シングル,single room,,,
44,44,ツイン,ツイン,twin-bedded room,,,
44,44,ー倍,ー 倍[ばい],- times,,,
44,44,別れます,別[わか]れます,"to part, separate",,,
44,44,嫌がります,嫌[いや]がります,to dislike,,,
44,44,安心［な］,安心[あんしん]［な］,relieved,,,
44,44,洋食,洋食[ようしょく],Western dish,,,
44,44,涙,涙[なみだ],tear,,,
44,44,縁起が　悪い,縁起[えんぎ]が　 悪[わる]い,"unlucky, ill-omened",,,
44,44,調節します,調節[ちょうせつ]します,to adjust,,,
44,44,起きます［事故が〜］,起[お]きます［ 事故[じこ]が〜］,[an accident] to happen,,,
44,44,順序,順序[じゅんじょ],order,,,
44,44,［どうも］お疲れ様でした。,［どうも］お 疲れ様[つかれさま]でした。,Thank you for your patience. (shop assistant to customer),,,
45,45,それでも,それでも,"nevertheless, for all that",,,
45,45,カンセルします,カンセルします,to cancel,,,
45,45,カンプ,カンプ,camp,,,
45,45,スタート,スタート,start,,,
45,45,セットします,セットします,to set,,,
45,45,ー位,ー 位[い],-th (ranking),,,
45,45,中止,中止[ちゅうし],"calling off, cancelling, suspension",,,
45,45,以上です,以上[いじょう]です,That's all.,,,
45,45,係員,係員[かかりいん],"person in charge, organiser",,,
45,45,保証書,保証書[ほしょうしょ],guarantee,,,
45,45,信じます,信[しん]じます,"to believe, trust",,,
45,45,優勝します,優勝[ゆうしょう]します,"to win the championship, come first",,,
45,45,回答,回答[かいとう],"answer, reply (〜します：to answer, reply)",,,
45,45,梅,梅[うめ],plum (blossom),,,
45,45,楽しみに　して　います,楽[たの]しみに　して　います,"to be looking forward to, be expecting",,,
45,45,無理に,無理[むり]に,unreasonably,,,
45,45,目が　覚めます,目[め]が　 覚[さ]めます,to wake up,,,
45,45,目覚まし［時計］,目覚[めざ]まし［ 時計[どけい]］,alarm clock,,,
45,45,知らせます,知[し]らせます,to inform,,,
45,45,領収書,領収[りょうしゅう] 書[しょ],receipt,,,
45,45,１１０番,１１０ 番[ばん],the emergency police telephone number,,,
45,45,１１９番,１１９ 番[ばん],the emergency fire service telephone number,,,
46,46,〜の　所,〜の　 所[ところ],"where ~ is/are, by the ~",,,
46,46,お待たせしました。,お 待[ま]たせしました。,Sorry to have kept you waiting.,,,
46,46,こちら,こちら,my side,,,
46,46,たった今,たった 今[いま],just now (used with the past tense; indicates completion),,,
46,46,ちょうど,ちょうど,"just, exactly",,,
46,46,ついて　います,ついて　います,to be lucky,,,
46,46,どちら様でしょうか。,どちら 様[さま]でしょうか。,"Who is this, please?",,,
46,46,ガスサーセンター,ガスサーセンター,gas service center,,,
46,46,ガスレンジ,ガスレンジ,"gas range, gas cooker",,,
46,46,ベル,ベル,bell,,,
46,46,今　いいですか。,今[いま]　いいですか。,Have you got a moment?,,,
46,46,入学します［大学に〜］,入学[にゅうがく]します［ 大学[だいがく]に〜］,to enter [a university],,,
46,46,出ます［バスが〜］,出[で]ます［バスが〜］,"[a bus] to leave, depart",,,
46,46,出来事,出来事[できごと],incident,,,
46,46,半年,半年[はんとし],half a year,,,
46,46,向かいます,向[む]かいます,to head for,,,
46,46,宅配便,宅配[たくはい] 便[びん],(package delivered by) home delivery service,,,
46,46,慌てて,慌[あわ]てて,in a hurry,,,
46,46,焼けます［パンが〜］［肉が〜］,焼[や]けます［パンが〜］［ 肉[にく]が〜］,"[bread] to be baked, [meat] to be roasted, be grilled",,,
46,46,申し訳ありません。,申し訳[もうしわけ]ありません。,I'm sorry.,,,
46,46,順番に,順番[じゅんばん]に,in order,,,
47,47,データ,データ,data,,,
47,47,パトカー,パトカー,police car,,,
47,47,人口,人口[じんこう],population,,,
47,47,別れます［人が〜］,別[わか]れます［ 人[ひと]が〜］,"[people] to part, separate",,,
47,47,医学,医学[いがく],"medicine, medical science",,,
47,47,反対,反対[はんたい],"objection, opposition",,,
47,47,女性,女性[じょせい],"female, woman",,,
47,47,婚約します,婚約[こんやく]します,to get engaged,,,
47,47,実験,実験[じっけん],experiment,,,
47,47,恋人,恋人[こいびと],"sweetheart, boyfriend, girlfriend",,,
47,47,検証,検証[けんしょう],makeup (〜を　します：to put on makeup),,,
47,47,燃えます［ごみが〜］,燃[も]えます［ごみが〜］,[rubbish] to burn,,,
47,47,男性,男性[だんせい],"male, man",,,
47,47,相手,相手[あいて],the other person,,,
47,47,知り合います,知り合[しりあ]います,to get acquainted,,,
47,47,科学,科学[かがく],science,,,
47,47,賛成,賛成[さんせい],"approval, agreement",,,
47,47,長生き,長生[ながい]き,long life (〜します：to live long),,,
48,48,いい　ことですね。,いい　ことですね。,That's good.,,,
48,48,お忙しいですか。,お 忙[いそが]しいですか。,Are you busy? (used when talking to someone senior or older),,,
48,48,かまいません。,かまいません。,It's all right. / I don't mind.,,,
48,48,その　次,その　 次[つぎ],next,,,
48,48,それまでに,それまでに,by that time,,,
48,48,ファイル,ファイル,file,,,
48,48,ーパーセント,ーパーセント,- percent,,,
48,48,営業,営業[えいぎょう],"business, sales",,,
48,48,嫌［な］,嫌[いや]［な］,"unwilling, reluctant",,,
48,48,届けます,届[とど]けます,to deliver,,,
48,48,普通の,普通[ふつう]の,"normal, usual",,,
48,48,習字,習字[しゅうじ],calligraphy,,,
48,48,録音します,録音[ろくおん]します,to record,,,
48,48,降ろします、下ろします,降[お]ろします、 下[お]ろします,"to put down, lower, unload",,,
49,49,iPS細胞,iPS 細胞[さいぼう],induced pluripotent stem cell,,,
49,49,〜と　いいます,〜と　いいます,(one's name) is ~,,,
49,49,〜様,〜 様[さま],respectful equivalent of 〜さん,,,
49,49,おっしゃいます,おっしゃいます,"to say, (one's name) is ~ (respectful equivalent of いいます)",,,
49,49,ご存じです,ご 存[ぞん]じです,to know (respectful equivalent of しって　います),,,
49,49,ご覧に　なります,ご 覧[らん]に　なります,"to see, look at (respectful equivalent of みます)",,,
49,49,どなたでも,どなたでも,anybody (respectful equivalent of だれでも),,,
49,49,なさいます,なさいます,to do (respectful equivalent of します),,,
49,49,よろしく　お伝え　ください。,よろしく　お 伝[つた]え　ください。,Give my best regards. / Please say hello.,,,
49,49,ノーベル賞,ノーベル 賞[しょう],Nobel Prize,,,
49,49,ヒト,ヒト,human,,,
49,49,マウス,マウス,mouse,,,
49,49,ー年ー組,ー 年[ねん]ー 組[ぐみ],class - of -th grade,,,
49,49,勤めます［会社に〜］,勤[つと]めます［ 会社[かいしゃ]に〜］,to work [for a company],,,
49,49,医学部,医学部[いがくぶ],the medical department,,,
49,49,受賞します,受賞[じゅしょう]します,to be awarded a prize,,,
49,49,召し上がります,召し上[めしあ]がります,"to eat, drink (respectful equivalent of たべます and のみます)",,,
49,49,失礼いたします。,失礼[しつれい]いたします。,Goodbye. (humble equivalent of しつれいします),,,
49,49,奥様,奥様[おくさま],(someone else's) wife (respectful equivalent of おくさん),,,
49,49,山中伸弥,山中[やまなか] 伸[しん] 弥[や],Japanese medical scientist (1962-),,,
49,49,掛けます［いすに〜］,掛[か]けます［いすに〜］,to sit on [a chair],,,
49,49,目指します,目指[めざ]します,aim for,,,
49,49,経歴,経歴[けいれき],background,,,
49,49,講演会,講演[こうえん] 会[かい],lecture meeting,,,
49,49,開発します,開発[かいはつ]します,"to develop, create",,,
50,50,いたします,いたします,to do (humble equivalent of します),,,
50,50,いただきます,いただきます,"to eat, drink, receive (humble equivalent of たべます、のみます and もらいます)",,,
50,50,いれます［コーヒーを〜］,いれます［コーヒーを〜］,to make [coffee],,,
50,50,お元気で　いらっしゃいますか。,お 元気[げんき]で　いらっしゃいますか。,How are you doing? (respectful equivalent of おげんきですか),,,
50,50,お目に　かかります,お 目[め]に　かかります,to meet (humble equivalent of あいます),,,
50,50,ぎりん,ぎりん,giraffe,,,
50,50,ころ,ころ,"times, days",,,
50,50,ガイド,ガイド,guide,,,
50,50,スケジュール,スケジュール,schedule,,,
50,50,ミュンヘン,ミュンヘン,Munich (in Germany),,,
50,50,メールアドレス,メールアドレス,email address,,,
50,50,伺います,伺[うかが]います,"to ask, hear, visit (humble equivalent of ききます and いきます)",,,
50,50,再来年,再来年[さらいねん],the year after next,,,
50,50,再来月,再来月[さらいげつ],the month after next,,,
50,50,再来週,再来週[さらいしゅう],the week after next,,,
50,50,初めに,初[はじ]めに,first,,,
50,50,存じます,存[ぞん]じます,to get to know (humble equivalent of しります),,,
50,50,心から,心[こころ]から,"from one's heart, sincerely",,,
50,50,拝見します,拝見[はいけん]します,to see (humble equivalent of みます),,,
50,50,江戸東京博物館,江戸[えど] 東京[とうきょう] 博物館[はくぶつかん],Edo-Tokyo Museum,,,
50,50,生かします,生[い]かします,to make good use of,,,
50,50,賞金,賞金[しょうきん],prize money,,,
50,50,迷惑を　かけます,迷惑[めいわく]を　かけます,"to cause trouble, annoyance, inconvenience",,,
